{"ragdollJoints":[{"boneName":"mixamorig:Hips","characterJointSettings":{"connectedBody":"","anchor":{"x":0.0,"y":0.0,"z":0.0},"axis":{"x":0.0,"y":0.0,"z":0.0},"connectedAnchor":{"x":0.0,"y":0.0,"z":0.0},"swingAxis":{"x":0.0,"y":0.0,"z":0.0},"lowTwistLimit_Limit":0.0,"lowTwistLimit_Bounciness":0.0,"highTwistLimit_Limit":0.0,"highTwistLimit_Bounciness":0.0,"swing1Limit_Limit":0.0,"swing1Limit_Bounciness":0.0,"swing2Limit_Limit":0.0,"swing2Limit_Bounciness":0.0},"colliderType":"BoxCollider","center":{"x":-0.009928913787007332,"y":-0.05380438640713692,"z":-0.035022586584091189},"size":{"x":0.9718363285064697,"y":0.31569012999534609,"z":0.7100987434387207},"height":0.0,"radius":0.0,"direction":0,"bonePos":{"x":-0.00008536232053302228,"y":2.4889609813690187,"z":0.0024391282349824907},"boneRot":{"x":-3.5106957341213277e-8,"y":-0.000011196197192475665,"z":0.0003518062294460833,"w":0.9999999403953552},"rigidbodySettings":{"mass":20.0}},{"boneName":"mixamorig:LeftUpLeg","characterJointSettings":{"connectedBody":"mixamorig:Hips","anchor":{"x":0.0,"y":0.0,"z":0.0},"axis":{"x":-1.0,"y":0.0,"z":0.0},"connectedAnchor":{"x":-0.24827104806900025,"y":-0.15571461617946626,"z":-0.00370719819329679},"swingAxis":{"x":0.0,"y":0.0,"z":1.0},"lowTwistLimit_Limit":-2.8024778366088869,"lowTwistLimit_Bounciness":0.0,"highTwistLimit_Limit":96.1882553100586,"highTwistLimit_Bounciness":0.0,"swing1Limit_Limit":23.972576141357423,"swing1Limit_Bounciness":0.0,"swing2Limit_Limit":14.493753433227539,"swing2Limit_Bounciness":0.0},"colliderType":"CapsuleCollider","center":{"x":0.023874755948781968,"y":0.5858342051506043,"z":6.44846931407983e-9},"size":{"x":0.0,"y":0.0,"z":0.0},"height":0.8732802271842957,"radius":0.25,"direction":1,"bonePos":{"x":-0.24826985597610475,"y":-0.15571458637714387,"z":-0.003707722993567586},"boneRot":{"x":-0.0004230980994179845,"y":-0.009474409744143486,"z":0.9999536871910095,"w":-0.001663364702835679},"rigidbodySettings":{"mass":14.999999046325684}},{"boneName":"mixamorig:LeftLeg","characterJointSettings":{"connectedBody":"mixamorig:LeftUpLeg","anchor":{"x":0.0,"y":0.0,"z":0.0},"axis":{"x":-1.0,"y":0.0,"z":0.0},"connectedAnchor":{"x":6.433110684156418e-7,"y":0.9681718349456787,"z":-0.0000014230608940124512},"swingAxis":{"x":0.0,"y":0.0,"z":1.0},"lowTwistLimit_Limit":-77.6034164428711,"lowTwistLimit_Bounciness":0.0,"highTwistLimit_Limit":-4.493829727172852,"highTwistLimit_Bounciness":0.0,"swing1Limit_Limit":0.0,"swing1Limit_Bounciness":0.0,"swing2Limit_Limit":0.0,"swing2Limit_Bounciness":0.0},"colliderType":"CapsuleCollider","center":{"x":0.014190563932061196,"y":0.7599999904632568,"z":-0.05999999865889549},"size":{"x":0.0,"y":0.0,"z":0.0},"height":1.2699999809265137,"radius":0.20501279830932618,"direction":1,"bonePos":{"x":0.0,"y":0.9681713581085205,"z":0.0},"boneRot":{"x":-0.012297025881707669,"y":-0.0000054448437367682349,"z":-0.0038752546533942224,"w":0.9999169111251831},"rigidbodySettings":{"mass":10.0}},{"boneName":"mixamorig:RightUpLeg","characterJointSettings":{"connectedBody":"mixamorig:Hips","anchor":{"x":0.0,"y":0.0,"z":0.0},"axis":{"x":-1.0,"y":0.0,"z":0.0},"connectedAnchor":{"x":0.24822615087032319,"y":-0.15844981372356416,"z":-0.0037440801970660688},"swingAxis":{"x":0.0,"y":0.0,"z":1.0},"lowTwistLimit_Limit":-3.734638214111328,"lowTwistLimit_Bounciness":0.0,"highTwistLimit_Limit":94.63339233398438,"highTwistLimit_Bounciness":0.0,"swing1Limit_Limit":22.64141082763672,"swing1Limit_Bounciness":0.0,"swing2Limit_Limit":10.780890464782715,"swing2Limit_Bounciness":0.0},"colliderType":"CapsuleCollider","center":{"x":-0.014737128280103207,"y":0.5917025804519653,"z":-5.883611375878672e-9},"size":{"x":0.0,"y":0.0,"z":0.0},"height":0.8771445751190186,"radius":0.25,"direction":1,"bonePos":{"x":0.24826990067958833,"y":-0.15571460127830506,"z":-0.003707722993567586},"boneRot":{"x":0.0004228236502967775,"y":0.0020028878934681417,"z":0.9999955296516419,"w":0.0021901377476751806},"rigidbodySettings":{"mass":14.999999046325684}},{"boneName":"mixamorig:RightLeg","characterJointSettings":{"connectedBody":"mixamorig:RightUpLeg","anchor":{"x":0.0,"y":0.0,"z":0.0},"axis":{"x":-1.0,"y":0.0,"z":0.0},"connectedAnchor":{"x":0.0000019078142940998079,"y":0.9762757420539856,"z":0.000002659391611814499},"swingAxis":{"x":0.0,"y":0.0,"z":1.0},"lowTwistLimit_Limit":-74.84732055664063,"lowTwistLimit_Bounciness":0.0,"highTwistLimit_Limit":0.913630485534668,"highTwistLimit_Bounciness":0.0,"swing1Limit_Limit":0.0,"swing1Limit_Bounciness":0.0,"swing2Limit_Limit":0.0,"swing2Limit_Bounciness":0.0},"colliderType":"CapsuleCollider","center":{"x":0.014190563932061196,"y":0.7599999904632568,"z":-0.05999999865889549},"size":{"x":0.0,"y":0.0,"z":0.0},"height":1.2699999809265137,"radius":0.20501279830932618,"direction":1,"bonePos":{"x":0.0,"y":0.9762755036354065,"z":-2.220445916901415e-17},"boneRot":{"x":-0.034572016447782519,"y":-0.000026068557417602278,"z":0.003572426037862897,"w":0.9993958473205566},"rigidbodySettings":{"mass":10.0}},{"boneName":"mixamorig:Spine","characterJointSettings":{"connectedBody":"mixamorig:Hips","anchor":{"x":0.0,"y":0.0,"z":0.0},"axis":{"x":1.0,"y":0.0,"z":0.0},"connectedAnchor":{"x":-0.00009875076648313552,"y":0.2306152582168579,"z":-0.030414532870054246},"swingAxis":{"x":0.0,"y":0.0,"z":0.0},"lowTwistLimit_Limit":-5.377203464508057,"lowTwistLimit_Bounciness":0.0,"highTwistLimit_Limit":100.47457122802735,"highTwistLimit_Bounciness":0.0,"swing1Limit_Limit":3.0,"swing1Limit_Bounciness":0.0,"swing2Limit_Limit":3.0,"swing2Limit_Bounciness":0.0},"colliderType":"BoxCollider","center":{"x":-0.0051610046066343788,"y":0.08039627969264984,"z":0.03690904378890991},"size":{"x":0.9091757535934448,"y":0.297476589679718,"z":0.7515990138053894},"height":0.0,"radius":0.0,"direction":0,"bonePos":{"x":-0.00009747200238052756,"y":0.23061524331569673,"z":-0.030412660911679269},"boneRot":{"x":-0.06812392175197602,"y":0.00003042940079467371,"z":-0.00028128729900345206,"w":0.9976768493652344},"rigidbodySettings":{"mass":14.999999046325684}},{"boneName":"mixamorig:Spine2","characterJointSettings":{"connectedBody":"mixamorig:Hips","anchor":{"x":0.0,"y":0.0,"z":0.0},"axis":{"x":1.0,"y":0.0,"z":0.0},"connectedAnchor":{"x":0.00028100813506171107,"y":0.8504200577735901,"z":-0.11394748091697693},"swingAxis":{"x":0.0,"y":0.0,"z":0.0},"lowTwistLimit_Limit":-39.865325927734378,"lowTwistLimit_Bounciness":0.0,"highTwistLimit_Limit":27.21429443359375,"highTwistLimit_Bounciness":0.0,"swing1Limit_Limit":20.277484893798829,"swing1Limit_Bounciness":0.0,"swing2Limit_Limit":6.542448043823242,"swing2Limit_Bounciness":0.0},"colliderType":"BoxCollider","center":{"x":-0.01164313592016697,"y":0.019999999552965165,"z":0.04632673040032387},"size":{"x":0.9808349609375,"y":0.6000000238418579,"z":0.7435265779495239},"height":0.0,"radius":0.0,"direction":0,"bonePos":{"x":0.0,"y":0.3468588590621948,"z":4.44089183380283e-17},"boneRot":{"x":1.793662034335766e-42,"y":1.6940658945086007e-21,"z":-1.0587912850420713e-21,"w":1.0},"rigidbodySettings":{"mass":20.0}},{"boneName":"mixamorig:LeftArm","characterJointSettings":{"connectedBody":"mixamorig:Spine2","anchor":{"x":0.0,"y":0.0,"z":0.0},"axis":{"x":0.0,"y":0.0,"z":0.0},"connectedAnchor":{"x":-0.4545207619667053,"y":0.2408355474472046,"z":-0.016185050830245019},"swingAxis":{"x":0.0,"y":0.0,"z":-1.0},"lowTwistLimit_Limit":-76.8028335571289,"lowTwistLimit_Bounciness":0.0,"highTwistLimit_Limit":-18.817779541015626,"highTwistLimit_Bounciness":0.0,"swing1Limit_Limit":3.0,"swing1Limit_Bounciness":0.0,"swing2Limit_Limit":6.777894496917725,"swing2Limit_Bounciness":0.0},"colliderType":"CapsuleCollider","center":{"x":5.682611572410679e-7,"y":0.33000001311302187,"z":0.045546144247055057},"size":{"x":0.0,"y":0.0,"z":0.0},"height":0.5799999833106995,"radius":0.17000000178813935,"direction":1,"bonePos":{"x":8.88178366760566e-17,"y":0.31447306275367739,"z":0.0},"boneRot":{"x":-0.026873916387557985,"y":0.0024676115717738868,"z":-0.10155846178531647,"w":0.9944635033607483},